{
	"class_name" : "PinholeCameraParameters",
	"extrinsic" : 
	[
		0.96613549305350543,
		0.0055233020726877724,
		-0.25797616594653427,
		0.0,
		-0.0030386111105086579,
		-0.99945802827197283,
		-0.032778294116987065,
		0.0,
		-0.25801739457792189,
		0.032452162592259678,
		-0.965595091763782,
		0.0,
		1.0849706291056695,
		-0.10491893298974544,
		6.2911619286296814,
		1.0
	],
	"intrinsic" : 
	{
		"height" : 700,
		"intrinsic_matrix" : 
		[
			606.21778264910711,
			0.0,
			0.0,
			0.0,
			606.21778264910711,
			0.0,
			449.5,
			349.5,
			1.0
		],
		"width" : 900
	},
	"version_major" : 1,
	"version_minor" : 0
}