{
	"class_name" : "PinholeCameraParameters",
	"extrinsic" : 
	[
		-0.78901940834284912,
		0.0058225906192823345,
		0.61434067966949801,
		0.0,
		-0.40661253525012736,
		-0.75456195055736075,
		-0.51507524590930898,
		0.0,
		0.46055902926309505,
		-0.65620298704711133,
		0.59773156212022494,
		0.0,
		-1.1814612762789531,
		1.8260242376214459,
		1.2732632254359939,
		1.0
	],
	"intrinsic" : 
	{
		"height" : 1080,
		"intrinsic_matrix" : 
		[
			935.30743608719376,
			0.0,
			0.0,
			0.0,
			935.30743608719376,
			0.0,
			959.5,
			539.5,
			1.0
		],
		"width" : 1920
	},
	"version_major" : 1,
	"version_minor" : 0
}