{
	"class_name" : "PinholeCameraParameters",
	"extrinsic" : 
	[
		-0.32683903337752024,
		-0.94297399204440568,
		0.063057882843348512,
		0.0,
		0.93393343201096413,
		-0.33248178988800337,
		-0.13124101479755287,
		0.0,
		0.14472246139791189,
		0.015997178523316762,
		0.98934296350973405,
		0.0,
		-0.5811804419782719,
		-0.10797890307094056,
		0.10996796122695149,
		1.0
	],
	"intrinsic" : 
	{
		"height" : 1080,
		"intrinsic_matrix" : 
		[
			935.30743608719376,
			0.0,
			0.0,
			0.0,
			935.30743608719376,
			0.0,
			959.5,
			539.5,
			1.0
		],
		"width" : 1920
	},
	"version_major" : 1,
	"version_minor" : 0
}