{
	"class_name" : "PinholeCameraParameters",
	"extrinsic" : 
	[
		0.76113017075959921,
		0.12409689890777717,
		-0.63661670009585558,
		0.0,
		0.5106035792384741,
		0.49060993114908763,
		0.7061061395617142,
		0.0,
		0.39995605762173791,
		-0.86249745225093877,
		0.31005369991715415,
		0.0,
		-0.61038133339334832,
		2.2164494602589402,
		1.4105506263329419,
		1.0
	],
	"intrinsic" : 
	{
		"height" : 700,
		"intrinsic_matrix" : 
		[
			606.21778264910711,
			0.0,
			0.0,
			0.0,
			606.21778264910711,
			0.0,
			449.5,
			349.5,
			1.0
		],
		"width" : 900
	},
	"version_major" : 1,
	"version_minor" : 0
}