{
	"class_name" : "PinholeCameraParameters",
	"extrinsic" : 
	[
		0.94247763010089836,
		-0.10003416197967473,
		-0.31894996973885809,
		0.0,
		0.001606143465434959,
		-0.95280466071182812,
		0.30357980635903065,
		0.0,
		-0.33426536922415812,
		-0.28662945585344557,
		-0.89783640936119036,
		0.0,
		1.2758323169805246,
		0.66253396598916758,
		6.1238348700320211,
		1.0
	],
	"intrinsic" : 
	{
		"height" : 700,
		"intrinsic_matrix" : 
		[
			606.21778264910711,
			0.0,
			0.0,
			0.0,
			606.21778264910711,
			0.0,
			449.5,
			349.5,
			1.0
		],
		"width" : 900
	},
	"version_major" : 1,
	"version_minor" : 0
}