{
	"class_name" : "PinholeCameraParameters",
	"extrinsic" : 
	[
		1.0,
		-0.0,
		-0.0,
		0.0,
		0.0,
		-1.0,
		-0.0,
		0.0,
		0.0,
		-0.0,
		-1.0,
		0.0,
		0.44741506284062238,
		-0.025299891432060018,
		6.4944580462497505,
		1.0
	],
	"intrinsic" : 
	{
		"height" : 700,
		"intrinsic_matrix" : 
		[
			606.21778264910711,
			0.0,
			0.0,
			0.0,
			606.21778264910711,
			0.0,
			449.5,
			349.5,
			1.0
		],
		"width" : 900
	},
	"version_major" : 1,
	"version_minor" : 0
}